timestamp,topology,algorithm,traffic,inj_rate,seed,avg_latency,min_latency,max_latency,status
20260514-221959,mesh44,dor,uniform,0.01,42,19.505,NA,NA,OK
20260514-221959,mesh44,dor,uniform,0.01,123,20.1504,NA,NA,OK
20260514-222000,mesh44,dor,uniform,0.01,456,19.6149,NA,NA,OK
20260514-222000,mesh44,dor,uniform,0.01,789,19.3511,NA,NA,OK
20260514-222000,mesh44,dor,uniform,0.01,999,20.2883,NA,NA,OK
20260514-222000,mesh44,dor,uniform,0.05,42,19.6806,NA,NA,OK
20260514-222000,mesh44,dor,uniform,0.05,123,19.1348,NA,NA,OK
20260514-222000,mesh44,dor,uniform,0.05,456,19.4924,NA,NA,OK
20260514-222001,mesh44,dor,uniform,0.05,789,19.6492,NA,NA,OK
20260514-222001,mesh44,dor,uniform,0.05,999,19.7314,NA,NA,OK
20260514-222001,mesh44,dor,uniform,0.1,42,19.4959,NA,NA,OK
20260514-222001,mesh44,dor,uniform,0.1,123,19.6215,NA,NA,OK
20260514-222002,mesh44,dor,uniform,0.1,456,19.383,NA,NA,OK
20260514-222002,mesh44,dor,uniform,0.1,789,19.7475,NA,NA,OK
20260514-222002,mesh44,dor,uniform,0.1,999,19.4617,NA,NA,OK
20260514-222003,mesh44,dor,uniform,0.2,42,19.9719,NA,NA,OK
20260514-222003,mesh44,dor,uniform,0.2,123,20.0892,NA,NA,OK
20260514-222003,mesh44,dor,uniform,0.2,456,19.8876,NA,NA,OK
20260514-222004,mesh44,dor,uniform,0.2,789,20.0234,NA,NA,OK
20260514-222004,mesh44,dor,uniform,0.2,999,19.8355,NA,NA,OK
20260514-222005,mesh44,dor,uniform,0.3,42,21.1631,NA,NA,OK
20260514-222005,mesh44,dor,uniform,0.3,123,20.9456,NA,NA,OK
20260514-222006,mesh44,dor,uniform,0.3,456,21.0818,NA,NA,OK
20260514-222007,mesh44,dor,uniform,0.3,789,20.9818,NA,NA,OK
20260514-222007,mesh44,dor,uniform,0.3,999,21.0024,NA,NA,OK
20260514-222008,mesh44,dor,uniform,0.35,42,23.6413,NA,NA,OK
20260514-222009,mesh44,dor,uniform,0.35,123,23.3732,NA,NA,OK
20260514-222010,mesh44,dor,uniform,0.35,456,23.6827,NA,NA,OK
20260514-222011,mesh44,dor,uniform,0.35,789,24.2674,NA,NA,OK
20260514-222012,mesh44,dor,uniform,0.35,999,22.9223,NA,NA,OK
20260514-222012,mesh44,dor,uniform,0.4,42,49.9832,NA,NA,OK
20260514-222013,mesh44,dor,uniform,0.4,123,46.9144,NA,NA,OK
20260514-222015,mesh44,dor,uniform,0.4,456,68.7402,NA,NA,OK
20260514-222016,mesh44,dor,uniform,0.4,789,63.6759,NA,NA,OK
20260514-222017,mesh44,dor,uniform,0.4,999,56.0448,NA,NA,OK
20260514-222018,mesh44,dor,uniform,0.45,42,142.595,NA,NA,OK
20260514-222019,mesh44,dor,uniform,0.45,123,148.263,NA,NA,OK
20260514-222019,mesh44,dor,uniform,0.45,456,159.229,NA,NA,OK
20260514-222019,mesh44,dor,uniform,0.45,789,144.299,NA,NA,OK
20260514-222020,mesh44,dor,uniform,0.45,999,164.304,NA,NA,OK
20260514-222020,mesh44,dor,hotspot,0.01,42,18.3003,NA,NA,OK
20260514-222020,mesh44,dor,hotspot,0.01,123,19.9286,NA,NA,OK
20260514-222020,mesh44,dor,hotspot,0.01,456,20.0354,NA,NA,OK
20260514-222020,mesh44,dor,hotspot,0.01,789,19.7438,NA,NA,OK
20260514-222021,mesh44,dor,hotspot,0.01,999,19.5491,NA,NA,OK
20260514-222021,mesh44,dor,hotspot,0.05,42,120.461,NA,NA,OK
20260514-222021,mesh44,dor,hotspot,0.05,123,110.246,NA,NA,OK
20260514-222021,mesh44,dor,hotspot,0.05,456,140.47,NA,NA,OK
20260514-222021,mesh44,dor,hotspot,0.05,789,105.413,NA,NA,OK
20260514-222021,mesh44,dor,hotspot,0.05,999,108.782,NA,NA,OK
20260514-222021,mesh44,dor,hotspot,0.1,42,393.775,NA,NA,OK
20260514-222021,mesh44,dor,hotspot,0.1,123,382.636,NA,NA,OK
20260514-222022,mesh44,dor,hotspot,0.1,456,394.588,NA,NA,OK
20260514-222022,mesh44,dor,hotspot,0.1,789,355.09,NA,NA,OK
20260514-222022,mesh44,dor,hotspot,0.1,999,371.833,NA,NA,OK
20260514-222022,mesh44,dor,hotspot,0.2,42,622.304,NA,NA,OK
20260514-222022,mesh44,dor,hotspot,0.2,123,596.14,NA,NA,OK
20260514-222022,mesh44,dor,hotspot,0.2,456,616.747,NA,NA,OK
20260514-222022,mesh44,dor,hotspot,0.2,789,583.594,NA,NA,OK
20260514-222022,mesh44,dor,hotspot,0.2,999,587.535,NA,NA,OK
20260514-222022,mesh44,dor,hotspot,0.3,42,733.624,NA,NA,OK
20260514-222022,mesh44,dor,hotspot,0.3,123,742.334,NA,NA,OK
20260514-222022,mesh44,dor,hotspot,0.3,456,738.816,NA,NA,OK
20260514-222022,mesh44,dor,hotspot,0.3,789,746.289,NA,NA,OK
20260514-222023,mesh44,dor,hotspot,0.3,999,731.631,NA,NA,OK
20260514-222023,mesh44,dor,hotspot,0.35,42,771.817,NA,NA,OK
20260514-222023,mesh44,dor,hotspot,0.35,123,775.029,NA,NA,OK
20260514-222023,mesh44,dor,hotspot,0.35,456,773.137,NA,NA,OK
20260514-222023,mesh44,dor,hotspot,0.35,789,786.221,NA,NA,OK
20260514-222023,mesh44,dor,hotspot,0.35,999,759.641,NA,NA,OK
20260514-222023,mesh44,dor,hotspot,0.4,42,799.298,NA,NA,OK
20260514-222023,mesh44,dor,hotspot,0.4,123,806.035,NA,NA,OK
20260514-222023,mesh44,dor,hotspot,0.4,456,809.789,NA,NA,OK
20260514-222023,mesh44,dor,hotspot,0.4,789,801.228,NA,NA,OK
20260514-222023,mesh44,dor,hotspot,0.4,999,800.502,NA,NA,OK
20260514-222023,mesh44,dor,hotspot,0.45,42,821.332,NA,NA,OK
20260514-222023,mesh44,dor,hotspot,0.45,123,824.907,NA,NA,OK
20260514-222023,mesh44,dor,hotspot,0.45,456,828.608,NA,NA,OK
20260514-222023,mesh44,dor,hotspot,0.45,789,823.216,NA,NA,OK
20260514-222024,mesh44,dor,hotspot,0.45,999,815.318,NA,NA,OK
20260514-222024,mesh44,adaptive_xy_yx,uniform,0.01,42,19.7063,NA,NA,OK
20260514-222024,mesh44,adaptive_xy_yx,uniform,0.01,123,19.6067,NA,NA,OK
20260514-222024,mesh44,adaptive_xy_yx,uniform,0.01,456,19.8839,NA,NA,OK
20260514-222024,mesh44,adaptive_xy_yx,uniform,0.01,789,19.912,NA,NA,OK
20260514-222024,mesh44,adaptive_xy_yx,uniform,0.01,999,19.0644,NA,NA,OK
20260514-222024,mesh44,adaptive_xy_yx,uniform,0.05,42,19.3756,NA,NA,OK
20260514-222024,mesh44,adaptive_xy_yx,uniform,0.05,123,19.5026,NA,NA,OK
20260514-222025,mesh44,adaptive_xy_yx,uniform,0.05,456,19.8422,NA,NA,OK
20260514-222025,mesh44,adaptive_xy_yx,uniform,0.05,789,19.502,NA,NA,OK
20260514-222025,mesh44,adaptive_xy_yx,uniform,0.05,999,19.6782,NA,NA,OK
20260514-222025,mesh44,adaptive_xy_yx,uniform,0.1,42,19.8256,NA,NA,OK
20260514-222025,mesh44,adaptive_xy_yx,uniform,0.1,123,19.5756,NA,NA,OK
20260514-222026,mesh44,adaptive_xy_yx,uniform,0.1,456,19.928,NA,NA,OK
20260514-222026,mesh44,adaptive_xy_yx,uniform,0.1,789,19.8768,NA,NA,OK
20260514-222026,mesh44,adaptive_xy_yx,uniform,0.1,999,19.7643,NA,NA,OK
20260514-222027,mesh44,adaptive_xy_yx,uniform,0.2,42,20.8159,NA,NA,OK
20260514-222027,mesh44,adaptive_xy_yx,uniform,0.2,123,20.8015,NA,NA,OK
20260514-222028,mesh44,adaptive_xy_yx,uniform,0.2,456,20.8381,NA,NA,OK
20260514-222028,mesh44,adaptive_xy_yx,uniform,0.2,789,20.8381,NA,NA,OK
20260514-222028,mesh44,adaptive_xy_yx,uniform,0.2,999,20.7601,NA,NA,OK
20260514-222029,mesh44,adaptive_xy_yx,uniform,0.3,42,25.2849,NA,NA,OK
20260514-222030,mesh44,adaptive_xy_yx,uniform,0.3,123,25.03,NA,NA,OK
20260514-222030,mesh44,adaptive_xy_yx,uniform,0.3,456,25.6717,NA,NA,OK
20260514-222031,mesh44,adaptive_xy_yx,uniform,0.3,789,24.9245,NA,NA,OK
20260514-222032,mesh44,adaptive_xy_yx,uniform,0.3,999,23.6453,NA,NA,OK
20260514-222032,mesh44,adaptive_xy_yx,uniform,0.35,42,56.537,NA,NA,OK
20260514-222033,mesh44,adaptive_xy_yx,uniform,0.35,123,59.3019,NA,NA,OK
20260514-222034,mesh44,adaptive_xy_yx,uniform,0.35,456,50.6763,NA,NA,OK
20260514-222035,mesh44,adaptive_xy_yx,uniform,0.35,789,64.2062,NA,NA,OK
20260514-222036,mesh44,adaptive_xy_yx,uniform,0.35,999,50.4447,NA,NA,OK
20260514-222037,mesh44,adaptive_xy_yx,uniform,0.4,42,157.866,NA,NA,OK
20260514-222038,mesh44,adaptive_xy_yx,uniform,0.4,123,152.571,NA,NA,OK
20260514-222038,mesh44,adaptive_xy_yx,uniform,0.4,456,151.859,NA,NA,OK
20260514-222038,mesh44,adaptive_xy_yx,uniform,0.4,789,156.986,NA,NA,OK
20260514-222039,mesh44,adaptive_xy_yx,uniform,0.4,999,150.637,NA,NA,OK
20260514-222039,mesh44,adaptive_xy_yx,uniform,0.45,42,242.377,NA,NA,OK
20260514-222039,mesh44,adaptive_xy_yx,uniform,0.45,123,252.521,NA,NA,OK
20260514-222039,mesh44,adaptive_xy_yx,uniform,0.45,456,249.094,NA,NA,OK
20260514-222040,mesh44,adaptive_xy_yx,uniform,0.45,789,241.715,NA,NA,OK
20260514-222040,mesh44,adaptive_xy_yx,uniform,0.45,999,233.112,NA,NA,OK
20260514-222040,mesh44,adaptive_xy_yx,hotspot,0.01,42,18.4092,NA,NA,OK
20260514-222041,mesh44,adaptive_xy_yx,hotspot,0.01,123,19.9812,NA,NA,OK
20260514-222041,mesh44,adaptive_xy_yx,hotspot,0.01,456,20.2251,NA,NA,OK
20260514-222041,mesh44,adaptive_xy_yx,hotspot,0.01,789,19.8185,NA,NA,OK
20260514-222041,mesh44,adaptive_xy_yx,hotspot,0.01,999,19.7393,NA,NA,OK
20260514-222041,mesh44,adaptive_xy_yx,hotspot,0.05,42,115.132,NA,NA,OK
20260514-222041,mesh44,adaptive_xy_yx,hotspot,0.05,123,109.639,NA,NA,OK
20260514-222041,mesh44,adaptive_xy_yx,hotspot,0.05,456,125.92,NA,NA,OK
20260514-222041,mesh44,adaptive_xy_yx,hotspot,0.05,789,103.689,NA,NA,OK
20260514-222042,mesh44,adaptive_xy_yx,hotspot,0.05,999,106.62,NA,NA,OK
20260514-222042,mesh44,adaptive_xy_yx,hotspot,0.1,42,276.953,NA,NA,OK
20260514-222042,mesh44,adaptive_xy_yx,hotspot,0.1,123,274.153,NA,NA,OK
20260514-222042,mesh44,adaptive_xy_yx,hotspot,0.1,456,274.172,NA,NA,OK
20260514-222042,mesh44,adaptive_xy_yx,hotspot,0.1,789,239.196,NA,NA,OK
20260514-222042,mesh44,adaptive_xy_yx,hotspot,0.1,999,261.454,NA,NA,OK
20260514-222042,mesh44,adaptive_xy_yx,hotspot,0.2,42,478.889,NA,NA,OK
20260514-222042,mesh44,adaptive_xy_yx,hotspot,0.2,123,488.698,NA,NA,OK
20260514-222042,mesh44,adaptive_xy_yx,hotspot,0.2,456,484.087,NA,NA,OK
20260514-222042,mesh44,adaptive_xy_yx,hotspot,0.2,789,463.388,NA,NA,OK
20260514-222042,mesh44,adaptive_xy_yx,hotspot,0.2,999,474.049,NA,NA,OK
20260514-222043,mesh44,adaptive_xy_yx,hotspot,0.3,42,674.619,NA,NA,OK
20260514-222043,mesh44,adaptive_xy_yx,hotspot,0.3,123,650.815,NA,NA,OK
20260514-222043,mesh44,adaptive_xy_yx,hotspot,0.3,456,638.94,NA,NA,OK
20260514-222043,mesh44,adaptive_xy_yx,hotspot,0.3,789,658.78,NA,NA,OK
20260514-222043,mesh44,adaptive_xy_yx,hotspot,0.3,999,631.569,NA,NA,OK
20260514-222043,mesh44,adaptive_xy_yx,hotspot,0.35,42,701.708,NA,NA,OK
20260514-222043,mesh44,adaptive_xy_yx,hotspot,0.35,123,693.133,NA,NA,OK
20260514-222043,mesh44,adaptive_xy_yx,hotspot,0.35,456,690.754,NA,NA,OK
20260514-222043,mesh44,adaptive_xy_yx,hotspot,0.35,789,699.257,NA,NA,OK
20260514-222043,mesh44,adaptive_xy_yx,hotspot,0.35,999,663.712,NA,NA,OK
20260514-222043,mesh44,adaptive_xy_yx,hotspot,0.4,42,734.43,NA,NA,OK
20260514-222043,mesh44,adaptive_xy_yx,hotspot,0.4,123,736.891,NA,NA,OK
20260514-222043,mesh44,adaptive_xy_yx,hotspot,0.4,456,729.799,NA,NA,OK
20260514-222043,mesh44,adaptive_xy_yx,hotspot,0.4,789,730.881,NA,NA,OK
20260514-222043,mesh44,adaptive_xy_yx,hotspot,0.4,999,710.835,NA,NA,OK
20260514-222043,mesh44,adaptive_xy_yx,hotspot,0.45,42,764.929,NA,NA,OK
20260514-222044,mesh44,adaptive_xy_yx,hotspot,0.45,123,761.01,NA,NA,OK
20260514-222044,mesh44,adaptive_xy_yx,hotspot,0.45,456,768.339,NA,NA,OK
20260514-222044,mesh44,adaptive_xy_yx,hotspot,0.45,789,760.8,NA,NA,OK
20260514-222044,mesh44,adaptive_xy_yx,hotspot,0.45,999,757.814,NA,NA,OK
20260514-222044,mesh44,min_adapt,uniform,0.01,42,19.6865,NA,NA,OK
20260514-222044,mesh44,min_adapt,uniform,0.01,123,20.2218,NA,NA,OK
20260514-222044,mesh44,min_adapt,uniform,0.01,456,19.7735,NA,NA,OK
20260514-222044,mesh44,min_adapt,uniform,0.01,789,19.5177,NA,NA,OK
20260514-222044,mesh44,min_adapt,uniform,0.01,999,20.4908,NA,NA,OK
20260514-222044,mesh44,min_adapt,uniform,0.05,42,20.387,NA,NA,OK
20260514-222045,mesh44,min_adapt,uniform,0.05,123,19.7965,NA,NA,OK
20260514-222045,mesh44,min_adapt,uniform,0.05,456,20.1608,NA,NA,OK
20260514-222045,mesh44,min_adapt,uniform,0.05,789,20.2779,NA,NA,OK
20260514-222045,mesh44,min_adapt,uniform,0.05,999,20.4862,NA,NA,OK
20260514-222045,mesh44,min_adapt,uniform,0.1,42,20.6625,NA,NA,OK
20260514-222046,mesh44,min_adapt,uniform,0.1,123,20.8008,NA,NA,OK
20260514-222046,mesh44,min_adapt,uniform,0.1,456,20.3528,NA,NA,OK
20260514-222046,mesh44,min_adapt,uniform,0.1,789,20.8017,NA,NA,OK
20260514-222047,mesh44,min_adapt,uniform,0.1,999,20.6319,NA,NA,OK
20260514-222047,mesh44,min_adapt,uniform,0.2,42,22.0964,NA,NA,OK
20260514-222047,mesh44,min_adapt,uniform,0.2,123,22.1971,NA,NA,OK
20260514-222048,mesh44,min_adapt,uniform,0.2,456,21.8733,NA,NA,OK
20260514-222048,mesh44,min_adapt,uniform,0.2,789,22.0675,NA,NA,OK
20260514-222049,mesh44,min_adapt,uniform,0.2,999,21.9558,NA,NA,OK
20260514-222049,mesh44,min_adapt,uniform,0.3,42,24.6804,NA,NA,OK
20260514-222050,mesh44,min_adapt,uniform,0.3,123,24.752,NA,NA,OK
20260514-222051,mesh44,min_adapt,uniform,0.3,456,24.8022,NA,NA,OK
20260514-222051,mesh44,min_adapt,uniform,0.3,789,25.51,NA,NA,OK
20260514-222052,mesh44,min_adapt,uniform,0.3,999,24.169,NA,NA,OK
20260514-222053,mesh44,min_adapt,uniform,0.35,42,42.4845,NA,NA,OK
20260514-222054,mesh44,min_adapt,uniform,0.35,123,40.4038,NA,NA,OK
20260514-222055,mesh44,min_adapt,uniform,0.35,456,37.9778,NA,NA,OK
20260514-222056,mesh44,min_adapt,uniform,0.35,789,41.0382,NA,NA,OK
20260514-222057,mesh44,min_adapt,uniform,0.35,999,35.6867,NA,NA,OK
20260514-222058,mesh44,min_adapt,uniform,0.4,42,125.273,NA,NA,OK
20260514-222059,mesh44,min_adapt,uniform,0.4,123,124.133,NA,NA,OK
20260514-222059,mesh44,min_adapt,uniform,0.4,456,124.281,NA,NA,OK
20260514-222059,mesh44,min_adapt,uniform,0.4,789,128.059,NA,NA,OK
20260514-222100,mesh44,min_adapt,uniform,0.4,999,113.099,NA,NA,OK
20260514-222100,mesh44,min_adapt,uniform,0.45,42,214.438,NA,NA,OK
20260514-222101,mesh44,min_adapt,uniform,0.45,123,223.477,NA,NA,OK
20260514-222101,mesh44,min_adapt,uniform,0.45,456,215.26,NA,NA,OK
20260514-222101,mesh44,min_adapt,uniform,0.45,789,222.779,NA,NA,OK
20260514-222102,mesh44,min_adapt,uniform,0.45,999,213.63,NA,NA,OK
20260514-222102,mesh44,min_adapt,hotspot,0.01,42,18.571,NA,NA,OK
20260514-222102,mesh44,min_adapt,hotspot,0.01,123,20.3797,NA,NA,OK
20260514-222102,mesh44,min_adapt,hotspot,0.01,456,20.4759,NA,NA,OK
20260514-222102,mesh44,min_adapt,hotspot,0.01,789,20.2206,NA,NA,OK
20260514-222102,mesh44,min_adapt,hotspot,0.01,999,20.0092,NA,NA,OK
20260514-222103,mesh44,min_adapt,hotspot,0.05,42,106.483,NA,NA,OK
20260514-222103,mesh44,min_adapt,hotspot,0.05,123,97.671,NA,NA,OK
20260514-222103,mesh44,min_adapt,hotspot,0.05,456,135.922,NA,NA,OK
20260514-222103,mesh44,min_adapt,hotspot,0.05,789,101.306,NA,NA,OK
20260514-222103,mesh44,min_adapt,hotspot,0.05,999,105.271,NA,NA,OK
20260514-222103,mesh44,min_adapt,hotspot,0.1,42,353.831,NA,NA,OK
20260514-222103,mesh44,min_adapt,hotspot,0.1,123,350.422,NA,NA,OK
20260514-222104,mesh44,min_adapt,hotspot,0.1,456,352.007,NA,NA,OK
20260514-222104,mesh44,min_adapt,hotspot,0.1,789,333.653,NA,NA,OK
20260514-222104,mesh44,min_adapt,hotspot,0.1,999,337.642,NA,NA,OK
20260514-222104,mesh44,min_adapt,hotspot,0.2,42,576.979,NA,NA,OK
20260514-222104,mesh44,min_adapt,hotspot,0.2,123,579.85,NA,NA,OK
20260514-222104,mesh44,min_adapt,hotspot,0.2,456,596.647,NA,NA,OK
20260514-222104,mesh44,min_adapt,hotspot,0.2,789,562.7,NA,NA,OK
20260514-222104,mesh44,min_adapt,hotspot,0.2,999,560.129,NA,NA,OK
20260514-222104,mesh44,min_adapt,hotspot,0.3,42,715.662,NA,NA,OK
20260514-222104,mesh44,min_adapt,hotspot,0.3,123,717.607,NA,NA,OK
20260514-222104,mesh44,min_adapt,hotspot,0.3,456,716.302,NA,NA,OK
20260514-222104,mesh44,min_adapt,hotspot,0.3,789,725.217,NA,NA,OK
20260514-222105,mesh44,min_adapt,hotspot,0.3,999,713.19,NA,NA,OK
20260514-222105,mesh44,min_adapt,hotspot,0.35,42,750.94,NA,NA,OK
20260514-222105,mesh44,min_adapt,hotspot,0.35,123,762.628,NA,NA,OK
20260514-222105,mesh44,min_adapt,hotspot,0.35,456,757.798,NA,NA,OK
20260514-222105,mesh44,min_adapt,hotspot,0.35,789,761.882,NA,NA,OK
20260514-222105,mesh44,min_adapt,hotspot,0.35,999,743.873,NA,NA,OK
20260514-222105,mesh44,min_adapt,hotspot,0.4,42,788.424,NA,NA,OK
20260514-222105,mesh44,min_adapt,hotspot,0.4,123,792.769,NA,NA,OK
20260514-222105,mesh44,min_adapt,hotspot,0.4,456,800.406,NA,NA,OK
20260514-222105,mesh44,min_adapt,hotspot,0.4,789,792.871,NA,NA,OK
20260514-222105,mesh44,min_adapt,hotspot,0.4,999,784.196,NA,NA,OK
20260514-222105,mesh44,min_adapt,hotspot,0.45,42,808.471,NA,NA,OK
20260514-222105,mesh44,min_adapt,hotspot,0.45,123,813.669,NA,NA,OK
20260514-222106,mesh44,min_adapt,hotspot,0.45,456,814.681,NA,NA,OK
20260514-222106,mesh44,min_adapt,hotspot,0.45,789,818.804,NA,NA,OK
20260514-222106,mesh44,min_adapt,hotspot,0.45,999,809.268,NA,NA,OK
20260514-222106,mesh88,dor,uniform,0.01,42,32.9944,NA,NA,OK
20260514-222106,mesh88,dor,uniform,0.01,123,33.2881,NA,NA,OK
20260514-222107,mesh88,dor,uniform,0.01,456,33.0753,NA,NA,OK
20260514-222108,mesh88,dor,uniform,0.01,789,33.2523,NA,NA,OK
20260514-222108,mesh88,dor,uniform,0.01,999,33.6853,NA,NA,OK
20260514-222109,mesh88,dor,uniform,0.05,42,33.2301,NA,NA,OK
20260514-222110,mesh88,dor,uniform,0.05,123,32.9498,NA,NA,OK
20260514-222112,mesh88,dor,uniform,0.05,456,33.3962,NA,NA,OK
20260514-222113,mesh88,dor,uniform,0.05,789,33.1759,NA,NA,OK
20260514-222115,mesh88,dor,uniform,0.05,999,33.1257,NA,NA,OK
20260514-222116,mesh88,dor,uniform,0.1,42,33.6973,NA,NA,OK
20260514-222119,mesh88,dor,uniform,0.1,123,33.4805,NA,NA,OK
20260514-222121,mesh88,dor,uniform,0.1,456,33.5469,NA,NA,OK
20260514-222124,mesh88,dor,uniform,0.1,789,33.6141,NA,NA,OK
20260514-222127,mesh88,dor,uniform,0.1,999,33.734,NA,NA,OK
20260514-222129,mesh88,dor,uniform,0.2,42,94.6816,NA,NA,OK
20260514-222133,mesh88,dor,uniform,0.2,123,80.0581,NA,NA,OK
20260514-222138,mesh88,dor,uniform,0.2,456,87.3682,NA,NA,OK
20260514-222142,mesh88,dor,uniform,0.2,789,89.5804,NA,NA,OK
20260514-222145,mesh88,dor,uniform,0.2,999,76.876,NA,NA,OK
20260514-222149,mesh88,dor,uniform,0.3,42,292.235,NA,NA,OK
20260514-222151,mesh88,dor,uniform,0.3,123,290.713,NA,NA,OK
20260514-222152,mesh88,dor,uniform,0.3,456,284.95,NA,NA,OK
20260514-222154,mesh88,dor,uniform,0.3,789,289.501,NA,NA,OK
20260514-222155,mesh88,dor,uniform,0.3,999,293.23,NA,NA,OK
20260514-222157,mesh88,dor,uniform,0.35,42,364.953,NA,NA,OK
20260514-222158,mesh88,dor,uniform,0.35,123,361.199,NA,NA,OK
20260514-222200,mesh88,dor,uniform,0.35,456,358.143,NA,NA,OK
20260514-222201,mesh88,dor,uniform,0.35,789,357.121,NA,NA,OK
20260514-222202,mesh88,dor,uniform,0.35,999,362.957,NA,NA,OK
20260514-222204,mesh88,dor,uniform,0.4,42,433.471,NA,NA,OK
20260514-222205,mesh88,dor,uniform,0.4,123,426.853,NA,NA,OK
20260514-222207,mesh88,dor,uniform,0.4,456,430.657,NA,NA,OK
20260514-222208,mesh88,dor,uniform,0.4,789,430.173,NA,NA,OK
20260514-222210,mesh88,dor,uniform,0.4,999,441.296,NA,NA,OK
20260514-222211,mesh88,dor,uniform,0.45,42,497.749,NA,NA,OK
20260514-222212,mesh88,dor,uniform,0.45,123,499.648,NA,NA,OK
20260514-222213,mesh88,dor,uniform,0.45,456,498.339,NA,NA,OK
20260514-222213,mesh88,dor,uniform,0.45,789,501.917,NA,NA,OK
20260514-222214,mesh88,dor,uniform,0.45,999,512.269,NA,NA,OK
20260514-222215,mesh88,dor,hotspot,0.01,42,71.5055,NA,NA,OK
20260514-222216,mesh88,dor,hotspot,0.01,123,71.609,NA,NA,OK
20260514-222216,mesh88,dor,hotspot,0.01,456,58.9434,NA,NA,OK
20260514-222217,mesh88,dor,hotspot,0.01,789,50.2801,NA,NA,OK
20260514-222218,mesh88,dor,hotspot,0.01,999,65.6029,NA,NA,OK
20260514-222219,mesh88,dor,hotspot,0.05,42,319.098,NA,NA,OK
20260514-222219,mesh88,dor,hotspot,0.05,123,308.254,NA,NA,OK
20260514-222219,mesh88,dor,hotspot,0.05,456,320.316,NA,NA,OK
20260514-222220,mesh88,dor,hotspot,0.05,789,314.741,NA,NA,OK
20260514-222220,mesh88,dor,hotspot,0.05,999,337.192,NA,NA,OK
20260514-222220,mesh88,dor,hotspot,0.1,42,556.439,NA,NA,OK
20260514-222221,mesh88,dor,hotspot,0.1,123,557.06,NA,NA,OK
20260514-222221,mesh88,dor,hotspot,0.1,456,562.005,NA,NA,OK
20260514-222221,mesh88,dor,hotspot,0.1,789,548.233,NA,NA,OK
20260514-222222,mesh88,dor,hotspot,0.1,999,547.943,NA,NA,OK
20260514-222222,mesh88,dor,hotspot,0.2,42,742.051,NA,NA,OK
20260514-222222,mesh88,dor,hotspot,0.2,123,739.986,NA,NA,OK
20260514-222222,mesh88,dor,hotspot,0.2,456,739.351,NA,NA,OK
20260514-222223,mesh88,dor,hotspot,0.2,789,725.419,NA,NA,OK
20260514-222223,mesh88,dor,hotspot,0.2,999,735.7,NA,NA,OK
20260514-222223,mesh88,dor,hotspot,0.3,42,826.608,NA,NA,OK
20260514-222224,mesh88,dor,hotspot,0.3,123,826.808,NA,NA,OK
20260514-222224,mesh88,dor,hotspot,0.3,456,825.619,NA,NA,OK
20260514-222224,mesh88,dor,hotspot,0.3,789,824.998,NA,NA,OK
20260514-222225,mesh88,dor,hotspot,0.3,999,832.06,NA,NA,OK
20260514-222225,mesh88,dor,hotspot,0.35,42,845.433,NA,NA,OK
20260514-222225,mesh88,dor,hotspot,0.35,123,850.109,NA,NA,OK
20260514-222226,mesh88,dor,hotspot,0.35,456,845.615,NA,NA,OK
20260514-222226,mesh88,dor,hotspot,0.35,789,851.24,NA,NA,OK
20260514-222226,mesh88,dor,hotspot,0.35,999,850.805,NA,NA,OK
20260514-222226,mesh88,dor,hotspot,0.4,42,865.752,NA,NA,OK
20260514-222227,mesh88,dor,hotspot,0.4,123,873.153,NA,NA,OK
20260514-222227,mesh88,dor,hotspot,0.4,456,866.99,NA,NA,OK
20260514-222227,mesh88,dor,hotspot,0.4,789,859.193,NA,NA,OK
20260514-222228,mesh88,dor,hotspot,0.4,999,863.12,NA,NA,OK
20260514-222228,mesh88,dor,hotspot,0.45,42,881.584,NA,NA,OK
20260514-222228,mesh88,dor,hotspot,0.45,123,884.381,NA,NA,OK
20260514-222229,mesh88,dor,hotspot,0.45,456,883.139,NA,NA,OK
20260514-222229,mesh88,dor,hotspot,0.45,789,880.756,NA,NA,OK
20260514-222229,mesh88,dor,hotspot,0.45,999,883.747,NA,NA,OK
20260514-222230,mesh88,adaptive_xy_yx,uniform,0.01,42,33.3618,NA,NA,OK
20260514-222230,mesh88,adaptive_xy_yx,uniform,0.01,123,33.1348,NA,NA,OK
20260514-222231,mesh88,adaptive_xy_yx,uniform,0.01,456,32.6683,NA,NA,OK
20260514-222231,mesh88,adaptive_xy_yx,uniform,0.01,789,33.5312,NA,NA,OK
20260514-222232,mesh88,adaptive_xy_yx,uniform,0.01,999,33.2872,NA,NA,OK
20260514-222233,mesh88,adaptive_xy_yx,uniform,0.05,42,33.6318,NA,NA,OK
20260514-222234,mesh88,adaptive_xy_yx,uniform,0.05,123,33.4929,NA,NA,OK
20260514-222235,mesh88,adaptive_xy_yx,uniform,0.05,456,33.6118,NA,NA,OK
20260514-222237,mesh88,adaptive_xy_yx,uniform,0.05,789,33.3398,NA,NA,OK
20260514-222238,mesh88,adaptive_xy_yx,uniform,0.05,999,33.3929,NA,NA,OK
20260514-222240,mesh88,adaptive_xy_yx,uniform,0.1,42,35.0108,NA,NA,OK
20260514-222242,mesh88,adaptive_xy_yx,uniform,0.1,123,34.9341,NA,NA,OK
20260514-222244,mesh88,adaptive_xy_yx,uniform,0.1,456,34.9592,NA,NA,OK
20260514-222247,mesh88,adaptive_xy_yx,uniform,0.1,789,35.0743,NA,NA,OK
20260514-222249,mesh88,adaptive_xy_yx,uniform,0.1,999,35.0522,NA,NA,OK
20260514-222251,mesh88,adaptive_xy_yx,uniform,0.2,42,175.544,NA,NA,OK
20260514-222253,mesh88,adaptive_xy_yx,uniform,0.2,123,174.154,NA,NA,OK
20260514-222255,mesh88,adaptive_xy_yx,uniform,0.2,456,180.789,NA,NA,OK
20260514-222257,mesh88,adaptive_xy_yx,uniform,0.2,789,173.222,NA,NA,OK
20260514-222259,mesh88,adaptive_xy_yx,uniform,0.2,999,174.097,NA,NA,OK
20260514-222301,mesh88,adaptive_xy_yx,uniform,0.3,42,402.854,NA,NA,OK
20260514-222302,mesh88,adaptive_xy_yx,uniform,0.3,123,379.284,NA,NA,OK
20260514-222303,mesh88,adaptive_xy_yx,uniform,0.3,456,409.844,NA,NA,OK
20260514-222304,mesh88,adaptive_xy_yx,uniform,0.3,789,396.506,NA,NA,OK
20260514-222306,mesh88,adaptive_xy_yx,uniform,0.3,999,400.205,NA,NA,OK
20260514-222307,mesh88,adaptive_xy_yx,uniform,0.35,42,469.35,NA,NA,OK
20260514-222308,mesh88,adaptive_xy_yx,uniform,0.35,123,473.804,NA,NA,OK
20260514-222310,mesh88,adaptive_xy_yx,uniform,0.35,456,481.229,NA,NA,OK
20260514-222310,mesh88,adaptive_xy_yx,uniform,0.35,789,476.535,NA,NA,OK
20260514-222312,mesh88,adaptive_xy_yx,uniform,0.35,999,470.728,NA,NA,OK
20260514-222313,mesh88,adaptive_xy_yx,uniform,0.4,42,543.526,NA,NA,OK
20260514-222314,mesh88,adaptive_xy_yx,uniform,0.4,123,553.906,NA,NA,OK
20260514-222314,mesh88,adaptive_xy_yx,uniform,0.4,456,558.108,NA,NA,OK
20260514-222315,mesh88,adaptive_xy_yx,uniform,0.4,789,551.159,NA,NA,OK
20260514-222316,mesh88,adaptive_xy_yx,uniform,0.4,999,538.925,NA,NA,OK
20260514-222316,mesh88,adaptive_xy_yx,uniform,0.45,42,602.856,NA,NA,OK
20260514-222317,mesh88,adaptive_xy_yx,uniform,0.45,123,613.876,NA,NA,OK
20260514-222317,mesh88,adaptive_xy_yx,uniform,0.45,456,599.614,NA,NA,OK
20260514-222318,mesh88,adaptive_xy_yx,uniform,0.45,789,602.053,NA,NA,OK
20260514-222319,mesh88,adaptive_xy_yx,uniform,0.45,999,607.22,NA,NA,OK
20260514-222319,mesh88,adaptive_xy_yx,hotspot,0.01,42,59.2843,NA,NA,OK
20260514-222320,mesh88,adaptive_xy_yx,hotspot,0.01,123,54.6073,NA,NA,OK
20260514-222321,mesh88,adaptive_xy_yx,hotspot,0.01,456,50.367,NA,NA,OK
20260514-222322,mesh88,adaptive_xy_yx,hotspot,0.01,789,53.5381,NA,NA,OK
20260514-222324,mesh88,adaptive_xy_yx,hotspot,0.01,999,55.6217,NA,NA,OK
20260514-222325,mesh88,adaptive_xy_yx,hotspot,0.05,42,345.855,NA,NA,OK
20260514-222325,mesh88,adaptive_xy_yx,hotspot,0.05,123,355.328,NA,NA,OK
20260514-222325,mesh88,adaptive_xy_yx,hotspot,0.05,456,343.518,NA,NA,OK
20260514-222326,mesh88,adaptive_xy_yx,hotspot,0.05,789,304.863,NA,NA,OK
20260514-222326,mesh88,adaptive_xy_yx,hotspot,0.05,999,356.404,NA,NA,OK
20260514-222326,mesh88,adaptive_xy_yx,hotspot,0.1,42,471.789,NA,NA,OK
20260514-222326,mesh88,adaptive_xy_yx,hotspot,0.1,123,473.192,NA,NA,OK
20260514-222327,mesh88,adaptive_xy_yx,hotspot,0.1,456,474.178,NA,NA,OK
20260514-222327,mesh88,adaptive_xy_yx,hotspot,0.1,789,444.626,NA,NA,OK
20260514-222327,mesh88,adaptive_xy_yx,hotspot,0.1,999,481.836,NA,NA,OK
20260514-222328,mesh88,adaptive_xy_yx,hotspot,0.2,42,657.019,NA,NA,OK
20260514-222328,mesh88,adaptive_xy_yx,hotspot,0.2,123,667.553,NA,NA,OK
20260514-222328,mesh88,adaptive_xy_yx,hotspot,0.2,456,664.863,NA,NA,OK
20260514-222328,mesh88,adaptive_xy_yx,hotspot,0.2,789,646.926,NA,NA,OK
20260514-222329,mesh88,adaptive_xy_yx,hotspot,0.2,999,636.841,NA,NA,OK
20260514-222329,mesh88,adaptive_xy_yx,hotspot,0.3,42,767.757,NA,NA,OK
20260514-222329,mesh88,adaptive_xy_yx,hotspot,0.3,123,781.78,NA,NA,OK
20260514-222330,mesh88,adaptive_xy_yx,hotspot,0.3,456,766.275,NA,NA,OK
20260514-222330,mesh88,adaptive_xy_yx,hotspot,0.3,789,752.359,NA,NA,OK
20260514-222330,mesh88,adaptive_xy_yx,hotspot,0.3,999,763.268,NA,NA,OK
20260514-222331,mesh88,adaptive_xy_yx,hotspot,0.35,42,799.626,NA,NA,OK
20260514-222331,mesh88,adaptive_xy_yx,hotspot,0.35,123,807.998,NA,NA,OK
20260514-222331,mesh88,adaptive_xy_yx,hotspot,0.35,456,802.468,NA,NA,OK
20260514-222331,mesh88,adaptive_xy_yx,hotspot,0.35,789,811.976,NA,NA,OK
20260514-222332,mesh88,adaptive_xy_yx,hotspot,0.35,999,789.158,NA,NA,OK
20260514-222332,mesh88,adaptive_xy_yx,hotspot,0.4,42,827.818,NA,NA,OK
20260514-222332,mesh88,adaptive_xy_yx,hotspot,0.4,123,831.56,NA,NA,OK
20260514-222333,mesh88,adaptive_xy_yx,hotspot,0.4,456,819.551,NA,NA,OK
20260514-222333,mesh88,adaptive_xy_yx,hotspot,0.4,789,824.794,NA,NA,OK
20260514-222333,mesh88,adaptive_xy_yx,hotspot,0.4,999,830.916,NA,NA,OK
20260514-222334,mesh88,adaptive_xy_yx,hotspot,0.45,42,854.459,NA,NA,OK
20260514-222334,mesh88,adaptive_xy_yx,hotspot,0.45,123,851.2,NA,NA,OK
20260514-222334,mesh88,adaptive_xy_yx,hotspot,0.45,456,849.965,NA,NA,OK
20260514-222334,mesh88,adaptive_xy_yx,hotspot,0.45,789,858.892,NA,NA,OK
20260514-222335,mesh88,adaptive_xy_yx,hotspot,0.45,999,844.401,NA,NA,OK
20260514-222335,mesh88,min_adapt,uniform,0.01,42,33.7486,NA,NA,OK
20260514-222336,mesh88,min_adapt,uniform,0.01,123,34.0227,NA,NA,OK
20260514-222336,mesh88,min_adapt,uniform,0.01,456,33.8071,NA,NA,OK
20260514-222337,mesh88,min_adapt,uniform,0.01,789,33.9883,NA,NA,OK
20260514-222337,mesh88,min_adapt,uniform,0.01,999,34.3211,NA,NA,OK
20260514-222338,mesh88,min_adapt,uniform,0.05,42,37.5538,NA,NA,OK
20260514-222339,mesh88,min_adapt,uniform,0.05,123,36.7064,NA,NA,OK
20260514-222341,mesh88,min_adapt,uniform,0.05,456,37.8632,NA,NA,OK
20260514-222343,mesh88,min_adapt,uniform,0.05,789,37.1384,NA,NA,OK
20260514-222344,mesh88,min_adapt,uniform,0.05,999,37.4144,NA,NA,OK
20260514-222346,mesh88,min_adapt,uniform,0.1,42,43.7503,NA,NA,OK
20260514-222348,mesh88,min_adapt,uniform,0.1,123,43.1502,NA,NA,OK
20260514-222351,mesh88,min_adapt,uniform,0.1,456,42.9295,NA,NA,OK
20260514-222354,mesh88,min_adapt,uniform,0.1,789,43.1069,NA,NA,OK
20260514-222357,mesh88,min_adapt,uniform,0.1,999,43.6422,NA,NA,OK
20260514-222400,mesh88,min_adapt,uniform,0.2,42,173.805,NA,NA,OK
20260514-222402,mesh88,min_adapt,uniform,0.2,123,170.844,NA,NA,OK
20260514-222404,mesh88,min_adapt,uniform,0.2,456,179.218,NA,NA,OK
20260514-222406,mesh88,min_adapt,uniform,0.2,789,168.888,NA,NA,OK
20260514-222408,mesh88,min_adapt,uniform,0.2,999,167.7,NA,NA,OK
20260514-222410,mesh88,min_adapt,uniform,0.3,42,316.962,NA,NA,OK
20260514-222411,mesh88,min_adapt,uniform,0.3,123,319.182,NA,NA,OK
20260514-222413,mesh88,min_adapt,uniform,0.3,456,316.661,NA,NA,OK
20260514-222414,mesh88,min_adapt,uniform,0.3,789,317.926,NA,NA,OK
20260514-222416,mesh88,min_adapt,uniform,0.3,999,313.645,NA,NA,OK
20260514-222417,mesh88,min_adapt,uniform,0.35,42,384.282,NA,NA,OK
20260514-222418,mesh88,min_adapt,uniform,0.35,123,397.415,NA,NA,OK
20260514-222420,mesh88,min_adapt,uniform,0.35,456,385.321,NA,NA,OK
20260514-222421,mesh88,min_adapt,uniform,0.35,789,385.591,NA,NA,OK
20260514-222423,mesh88,min_adapt,uniform,0.35,999,376.966,NA,NA,OK
20260514-222424,mesh88,min_adapt,uniform,0.4,42,455.231,NA,NA,OK
20260514-222426,mesh88,min_adapt,uniform,0.4,123,455.037,NA,NA,OK
20260514-222427,mesh88,min_adapt,uniform,0.4,456,466.982,NA,NA,OK
20260514-222428,mesh88,min_adapt,uniform,0.4,789,464.039,NA,NA,OK
20260514-222430,mesh88,min_adapt,uniform,0.4,999,465.167,NA,NA,OK
20260514-222431,mesh88,min_adapt,uniform,0.45,42,524.169,NA,NA,OK
20260514-222432,mesh88,min_adapt,uniform,0.45,123,523.396,NA,NA,OK
20260514-222433,mesh88,min_adapt,uniform,0.45,456,526.566,NA,NA,OK
20260514-222433,mesh88,min_adapt,uniform,0.45,789,522.11,NA,NA,OK
20260514-222434,mesh88,min_adapt,uniform,0.45,999,536.325,NA,NA,OK
20260514-222435,mesh88,min_adapt,hotspot,0.01,42,75.3538,NA,NA,OK
20260514-222435,mesh88,min_adapt,hotspot,0.01,123,85.1957,NA,NA,OK
20260514-222436,mesh88,min_adapt,hotspot,0.01,456,72.7095,NA,NA,OK
20260514-222437,mesh88,min_adapt,hotspot,0.01,789,64.9956,NA,NA,OK
20260514-222438,mesh88,min_adapt,hotspot,0.01,999,74.6256,NA,NA,OK
20260514-222438,mesh88,min_adapt,hotspot,0.05,42,283.594,NA,NA,OK
20260514-222439,mesh88,min_adapt,hotspot,0.05,123,282.777,NA,NA,OK
20260514-222439,mesh88,min_adapt,hotspot,0.05,456,280.837,NA,NA,OK
20260514-222439,mesh88,min_adapt,hotspot,0.05,789,283.608,NA,NA,OK
20260514-222440,mesh88,min_adapt,hotspot,0.05,999,312.554,NA,NA,OK
20260514-222440,mesh88,min_adapt,hotspot,0.1,42,524.486,NA,NA,OK
20260514-222440,mesh88,min_adapt,hotspot,0.1,123,528.534,NA,NA,OK
20260514-222441,mesh88,min_adapt,hotspot,0.1,456,516.086,NA,NA,OK
20260514-222441,mesh88,min_adapt,hotspot,0.1,789,477.616,NA,NA,OK
20260514-222441,mesh88,min_adapt,hotspot,0.1,999,505.296,NA,NA,OK
20260514-222442,mesh88,min_adapt,hotspot,0.2,42,713.217,NA,NA,OK
20260514-222442,mesh88,min_adapt,hotspot,0.2,123,722.246,NA,NA,OK
20260514-222442,mesh88,min_adapt,hotspot,0.2,456,712.788,NA,NA,OK
20260514-222443,mesh88,min_adapt,hotspot,0.2,789,709.132,NA,NA,OK
20260514-222443,mesh88,min_adapt,hotspot,0.2,999,706.72,NA,NA,OK
20260514-222443,mesh88,min_adapt,hotspot,0.3,42,804.931,NA,NA,OK
20260514-222444,mesh88,min_adapt,hotspot,0.3,123,817.165,NA,NA,OK
20260514-222444,mesh88,min_adapt,hotspot,0.3,456,800.859,NA,NA,OK
20260514-222445,mesh88,min_adapt,hotspot,0.3,789,808.231,NA,NA,OK
20260514-222445,mesh88,min_adapt,hotspot,0.3,999,799.925,NA,NA,OK
20260514-222445,mesh88,min_adapt,hotspot,0.35,42,838.161,NA,NA,OK
20260514-222446,mesh88,min_adapt,hotspot,0.35,123,833.071,NA,NA,OK
20260514-222446,mesh88,min_adapt,hotspot,0.35,456,831.705,NA,NA,OK
20260514-222446,mesh88,min_adapt,hotspot,0.35,789,840.43,NA,NA,OK
20260514-222447,mesh88,min_adapt,hotspot,0.35,999,837.641,NA,NA,OK
20260514-222447,mesh88,min_adapt,hotspot,0.4,42,857.592,NA,NA,OK
20260514-222447,mesh88,min_adapt,hotspot,0.4,123,859.568,NA,NA,OK
20260514-222448,mesh88,min_adapt,hotspot,0.4,456,851.8,NA,NA,OK
20260514-222448,mesh88,min_adapt,hotspot,0.4,789,857.215,NA,NA,OK
20260514-222448,mesh88,min_adapt,hotspot,0.4,999,849.959,NA,NA,OK
20260514-222449,mesh88,min_adapt,hotspot,0.45,42,872.025,NA,NA,OK
20260514-222449,mesh88,min_adapt,hotspot,0.45,123,873.029,NA,NA,OK
20260514-222449,mesh88,min_adapt,hotspot,0.45,456,874.099,NA,NA,OK
20260514-222450,mesh88,min_adapt,hotspot,0.45,789,875.226,NA,NA,OK
20260514-222450,mesh88,min_adapt,hotspot,0.45,999,872.338,NA,NA,OK
